{"cameraMode":{"drawMode":0,"name":"Shaded","section":"Shading Mode"},"sceneLighting":false,"audioPlay":false,"sceneViewState":{"m_AlwaysRefresh":false,"showFog":true,"showSkybox":false,"showFlares":true,"showImageEffects":true,"showParticleSystems":true,"showVisualEffectGraphs":true,"m_FxEnabled":true},"in2DMode":false,"pivot":{"x":1.712692379951477,"y":1.826186180114746,"z":2.182576894760132},"rotation":{"x":-0.04221729561686516,"y":0.9430099129676819,"z":-0.13149107992649079,"w":-0.30302655696868899},"size":0.43822982907295229,"orthographic":false}