{"cameraMode":{"drawMode":0,"name":"Shaded","section":"Shading Mode"},"sceneLighting":false,"audioPlay":false,"sceneViewState":{"m_AlwaysRefresh":false,"showFog":true,"showSkybox":false,"showFlares":true,"showImageEffects":true,"showParticleSystems":true,"showVisualEffectGraphs":true,"m_FxEnabled":true},"in2DMode":false,"pivot":{"x":1.538206934928894,"y":1.5810019969940186,"z":1.8458417654037476},"rotation":{"x":-0.018363503739237787,"y":0.9747599959373474,"z":-0.20502589643001557,"w":-0.08736512809991837},"size":0.564085841178894,"orthographic":false}