{"cameraMode":{"drawMode":0,"name":"Shaded","section":"Shading Mode"},"sceneLighting":false,"audioPlay":false,"sceneViewState":{"m_AlwaysRefresh":false,"showFog":true,"showSkybox":false,"showFlares":true,"showImageEffects":true,"showParticleSystems":true,"showVisualEffectGraphs":true,"m_FxEnabled":true},"in2DMode":false,"pivot":{"x":1.8286526203155518,"y":1.3753342628479005,"z":1.8853464126586915},"rotation":{"x":-0.018363503739237787,"y":0.9747599959373474,"z":-0.20502589643001557,"w":-0.08736512809991837},"size":0.5218122005462647,"orthographic":false}