{"cameraMode":{"drawMode":0,"name":"Shaded","section":"Shading Mode"},"sceneLighting":false,"audioPlay":false,"sceneViewState":{"m_AlwaysRefresh":false,"showFog":true,"showSkybox":false,"showFlares":true,"showImageEffects":true,"showParticleSystems":true,"showVisualEffectGraphs":true,"m_FxEnabled":true},"in2DMode":false,"pivot":{"x":1.9260878562927247,"y":2.7627429962158205,"z":3.105156421661377},"rotation":{"x":0.002489996375516057,"y":0.5605800747871399,"z":0.00168560107704252,"w":-0.8280946612358093},"size":0.46099141240119936,"orthographic":false}