{"cameraMode":{"drawMode":0,"name":"Shaded","section":"Shading Mode"},"sceneLighting":false,"audioPlay":false,"sceneViewState":{"m_AlwaysRefresh":false,"showFog":true,"showSkybox":false,"showFlares":true,"showImageEffects":true,"showParticleSystems":true,"showVisualEffectGraphs":true,"m_FxEnabled":true},"in2DMode":false,"pivot":{"x":1.588475227355957,"y":3.0741472244262697,"z":2.8369979858398439},"rotation":{"x":0.01204631570726633,"y":0.9843018054962158,"z":-0.0742679089307785,"w":0.15965485572814942},"size":0.8660253882408142,"orthographic":false}