{"cameraMode":{"drawMode":0,"name":"Shaded","section":"Shading Mode"},"sceneLighting":false,"audioPlay":false,"sceneViewState":{"m_AlwaysRefresh":false,"showFog":true,"showSkybox":false,"showFlares":true,"showImageEffects":true,"showParticleSystems":true,"showVisualEffectGraphs":true,"m_FxEnabled":true},"in2DMode":false,"pivot":{"x":-1.4142796993255616,"y":0.9488322138786316,"z":0.0009651891887187958},"rotation":{"x":0.21610035002231599,"y":0.7154977917671204,"z":-0.25131770968437197,"w":0.6151201128959656},"size":0.33284619450569155,"orthographic":false}