{"cameraMode":{"drawMode":0,"name":"Shaded","section":"Shading Mode"},"sceneLighting":false,"audioPlay":false,"sceneViewState":{"m_AlwaysRefresh":false,"showFog":true,"showSkybox":false,"showFlares":true,"showImageEffects":true,"showParticleSystems":true,"showVisualEffectGraphs":true,"m_FxEnabled":true},"in2DMode":false,"pivot":{"x":-1.8110992908477784,"y":1.6888394355773926,"z":-0.037538766860961917},"rotation":{"x":-0.1974962204694748,"y":0.5483444929122925,"z":-0.13514968752861024,"w":-0.8012891411781311},"size":0.8660253882408142,"orthographic":false}