{"cameraMode":{"drawMode":0,"name":"Shaded","section":"Shading Mode"},"sceneLighting":false,"audioPlay":false,"sceneViewState":{"m_AlwaysRefresh":false,"showFog":true,"showSkybox":false,"showFlares":true,"showImageEffects":true,"showParticleSystems":true,"showVisualEffectGraphs":true,"m_FxEnabled":true},"in2DMode":false,"pivot":{"x":-2.320000171661377,"y":1.8029999732971192,"z":-3.9679999351501467},"rotation":{"x":0.319055438041687,"y":0.16467075049877168,"z":-0.05699139088392258,"w":0.9317812323570252},"size":0.22852808237075807,"orthographic":false}