{"cameraMode":{"drawMode":0,"name":"Shaded","section":"Shading Mode"},"sceneLighting":true,"audioPlay":false,"sceneViewState":{"m_AlwaysRefresh":false,"showFog":true,"showSkybox":true,"showFlares":true,"showImageEffects":true,"showParticleSystems":true,"showVisualEffectGraphs":true,"m_FxEnabled":true},"in2DMode":false,"pivot":{"x":-0.0627758800983429,"y":-0.23645436763763429,"z":-2.6141209602355959},"rotation":{"x":-0.22586098313331605,"y":0.06337468326091767,"z":-0.01469921413809061,"w":-0.9720253944396973},"size":1.5621227025985718,"orthographic":false}