{"cameraMode":{"drawMode":0,"name":"Shaded","section":"Shading Mode"},"sceneLighting":false,"audioPlay":false,"sceneViewState":{"m_AlwaysRefresh":false,"showFog":true,"showSkybox":false,"showFlares":true,"showImageEffects":true,"showParticleSystems":true,"showVisualEffectGraphs":true,"m_FxEnabled":true},"in2DMode":false,"pivot":{"x":-0.8169009685516357,"y":1.754810094833374,"z":-3.098201274871826},"rotation":{"x":0.15084382891654969,"y":0.6492007970809937,"z":-0.13349275290966035,"w":0.7335125803947449},"size":0.0065116495825350288,"orthographic":false}