{"cameraMode":{"drawMode":0,"name":"Shaded","section":"Shading Mode"},"sceneLighting":true,"audioPlay":false,"sceneViewState":{"m_AlwaysRefresh":false,"showFog":true,"showSkybox":true,"showFlares":true,"showImageEffects":true,"showParticleSystems":true,"showVisualEffectGraphs":true,"m_FxEnabled":true},"in2DMode":false,"pivot":{"x":2.061924457550049,"y":29.38555908203125,"z":-9.901209831237793},"rotation":{"x":0.020995212718844415,"y":0.9663050770759583,"z":-0.24294352531433106,"w":0.08341294527053833},"size":6.258414268493652,"orthographic":false}