{"cameraMode":{"drawMode":0,"name":"Shaded","section":"Shading Mode"},"sceneLighting":true,"audioPlay":false,"sceneViewState":{"m_AlwaysRefresh":false,"showFog":true,"showSkybox":true,"showFlares":true,"showImageEffects":true,"showParticleSystems":true,"showVisualEffectGraphs":true,"m_FxEnabled":true},"in2DMode":false,"pivot":{"x":-1.38386070728302,"y":29.603931427001954,"z":-2.4903857707977297},"rotation":{"x":-0.06536223739385605,"y":-0.00509294681251049,"z":0.00033351717866025865,"w":-0.9978492856025696},"size":1.144911527633667,"orthographic":false}