{"cameraMode":{"drawMode":0,"name":"Shaded","section":"Shading Mode"},"sceneLighting":true,"audioPlay":false,"sceneViewState":{"m_AlwaysRefresh":false,"showFog":true,"showSkybox":true,"showFlares":true,"showImageEffects":true,"showParticleSystems":true,"showVisualEffectGraphs":true,"m_FxEnabled":true},"in2DMode":false,"pivot":{"x":-0.4315853416919708,"y":1.6507501602172852,"z":2.809000015258789},"rotation":{"x":-0.008347177878022194,"y":0.9416802525520325,"z":-0.022505173459649087,"w":-0.33608660101890566},"size":0.5965979695320129,"orthographic":true}