{"cameraMode":{"drawMode":0,"name":"Shaded","section":"Shading Mode"},"sceneLighting":true,"audioPlay":false,"sceneViewState":{"m_AlwaysRefresh":false,"showFog":true,"showSkybox":true,"showFlares":true,"showImageEffects":true,"showParticleSystems":true,"showVisualEffectGraphs":true,"m_FxEnabled":true},"in2DMode":false,"pivot":{"x":5.169063568115234,"y":15.16311264038086,"z":13.744606018066407},"rotation":{"x":0.36151716113090517,"y":0.13192476332187653,"z":-0.05177402123808861,"w":0.9216451048851013},"size":13.871169090270996,"orthographic":false}