{"cameraMode":{"drawMode":0,"name":"Shaded","section":"Shading Mode"},"sceneLighting":true,"audioPlay":false,"sceneViewState":{"m_AlwaysRefresh":false,"showFog":true,"showSkybox":true,"showFlares":true,"showImageEffects":true,"showParticleSystems":true,"showVisualEffectGraphs":true,"m_FxEnabled":true},"in2DMode":false,"pivot":{"x":0.3022851347923279,"y":1.4911121129989625,"z":-3.337942361831665},"rotation":{"x":-0.25805380940437319,"y":0.004344285000115633,"z":-0.001160230953246355,"w":-0.9661208987236023},"size":1.6581699848175049,"orthographic":false}