{"cameraMode":{"drawMode":0,"name":"Shaded","section":"Shading Mode"},"sceneLighting":true,"audioPlay":false,"sceneViewState":{"m_AlwaysRefresh":false,"showFog":true,"showSkybox":true,"showFlares":true,"showImageEffects":true,"showParticleSystems":true,"showVisualEffectGraphs":true,"m_FxEnabled":true},"in2DMode":false,"pivot":{"x":-0.816554069519043,"y":1.6538281440734864,"z":-2.8642890453338625},"rotation":{"x":-0.013336347416043282,"y":-0.12009778618812561,"z":-0.0021803101990371944,"w":0.9928447008132935},"size":0.6985905766487122,"orthographic":false}