{"cameraMode":{"drawMode":0,"name":"Shaded","section":"Shading Mode"},"sceneLighting":true,"audioPlay":false,"sceneViewState":{"m_AlwaysRefresh":false,"showFog":true,"showSkybox":true,"showFlares":true,"showImageEffects":true,"showParticleSystems":true,"showVisualEffectGraphs":true,"m_FxEnabled":true},"in2DMode":false,"pivot":{"x":4.651963710784912,"y":1.2098945379257203,"z":-3.151705741882324},"rotation":{"x":0.07814542204141617,"y":0.44245684146881106,"z":-0.03871031478047371,"w":0.8926289677619934},"size":5.188391208648682,"orthographic":false}