{"cameraMode":{"drawMode":0,"name":"Shaded","section":"Shading Mode"},"sceneLighting":true,"audioPlay":false,"sceneViewState":{"m_AlwaysRefresh":false,"showFog":true,"showSkybox":true,"showFlares":true,"showImageEffects":true,"showParticleSystems":true,"showVisualEffectGraphs":true,"m_FxEnabled":true},"in2DMode":false,"pivot":{"x":-0.9361978769302368,"y":1.6453614234924317,"z":-2.90012264251709},"rotation":{"x":0.10253074765205383,"y":-0.14453035593032838,"z":0.015076160430908203,"w":0.9841341972351074},"size":1.3231810331344605,"orthographic":false}