{"cameraMode":{"drawMode":0,"name":"Shaded","section":"Shading Mode"},"sceneLighting":true,"audioPlay":false,"sceneViewState":{"m_AlwaysRefresh":false,"showFog":true,"showSkybox":true,"showFlares":true,"showImageEffects":true,"showParticleSystems":true,"showVisualEffectGraphs":true,"m_FxEnabled":true},"in2DMode":false,"pivot":{"x":-0.3012382686138153,"y":1.9047006368637086,"z":-2.0017290115356447},"rotation":{"x":0.028671978041529657,"y":0.09848986566066742,"z":-0.002817795379087329,"w":0.9948036074638367},"size":1.3827241659164429,"orthographic":false}