{"cameraMode":{"drawMode":0,"name":"Shaded","section":"Shading Mode"},"sceneLighting":true,"audioPlay":false,"sceneViewState":{"m_AlwaysRefresh":false,"showFog":true,"showSkybox":true,"showFlares":true,"showImageEffects":true,"showParticleSystems":true,"showVisualEffectGraphs":true,"m_FxEnabled":true},"in2DMode":false,"pivot":{"x":-0.940694272518158,"y":2.1868271827697756,"z":-7.971228122711182},"rotation":{"x":-0.11747950315475464,"y":-0.007617118768393993,"z":0.0009011704823933542,"w":-0.9930458068847656},"size":0.13994456827640534,"orthographic":false}