{"cameraMode":{"drawMode":0,"name":"Shaded","section":"Shading Mode"},"sceneLighting":true,"audioPlay":false,"sceneViewState":{"m_AlwaysRefresh":false,"showFog":true,"showSkybox":true,"showFlares":true,"showImageEffects":true,"showParticleSystems":true,"showVisualEffectGraphs":true,"m_FxEnabled":true},"in2DMode":false,"pivot":{"x":-0.5327038764953613,"y":1.3525733947753907,"z":-2.4179883003234865},"rotation":{"x":0.341002494096756,"y":-0.04087788984179497,"z":0.014850856736302376,"w":0.9391049146652222},"size":1.9787485599517823,"orthographic":false}
