{"cameraMode":{"drawMode":0,"name":"Shaded","section":"Shading Mode"},"sceneLighting":true,"audioPlay":false,"sceneViewState":{"m_AlwaysRefresh":false,"showFog":true,"showSkybox":true,"showFlares":true,"showImageEffects":true,"showParticleSystems":true,"showVisualEffectGraphs":true,"m_FxEnabled":true},"in2DMode":false,"pivot":{"x":-3.679321765899658,"y":6.784150123596191,"z":2.5628366470336916},"rotation":{"x":0.00350420200265944,"y":0.9917373657226563,"z":-0.1259380429983139,"w":0.027388785034418107},"size":6.212089538574219,"orthographic":false}