{"cameraMode":{"drawMode":0,"name":"Shaded","section":"Shading Mode"},"sceneLighting":true,"audioPlay":false,"sceneViewState":{"m_AlwaysRefresh":false,"showFog":true,"showSkybox":true,"showFlares":true,"showImageEffects":true,"showParticleSystems":true,"showVisualEffectGraphs":true,"m_FxEnabled":true},"in2DMode":false,"pivot":{"x":-0.3051798939704895,"y":1.1293240785598755,"z":2.7169222831726076},"rotation":{"x":0.0006745417485944927,"y":0.9991218447685242,"z":-0.03299358859658241,"w":0.03068058006465435},"size":1.8469226360321046,"orthographic":true}