{"cameraMode":{"drawMode":0,"name":"Shaded","section":"Shading Mode"},"sceneLighting":false,"audioPlay":false,"sceneViewState":{"m_AlwaysRefresh":false,"showFog":true,"showSkybox":false,"showFlares":true,"showImageEffects":true,"showParticleSystems":true,"showVisualEffectGraphs":true,"m_FxEnabled":true},"in2DMode":false,"pivot":{"x":0.7013427019119263,"y":0.8519783616065979,"z":-1.692173719406128},"rotation":{"x":0.2111613154411316,"y":-0.17517608404159547,"z":0.038521911948919299,"w":0.9609392881393433},"size":1.0989747047424317,"orthographic":false}