{"cameraMode":{"drawMode":0,"name":"Shaded","section":"Shading Mode"},"sceneLighting":false,"audioPlay":false,"sceneViewState":{"m_AlwaysRefresh":false,"showFog":true,"showSkybox":false,"showFlares":true,"showImageEffects":true,"showParticleSystems":true,"showVisualEffectGraphs":true,"m_FxEnabled":true},"in2DMode":false,"pivot":{"x":0.18721240758895875,"y":4.650775909423828,"z":0.36105555295944216},"rotation":{"x":0.655575156211853,"y":-0.29343780875205996,"z":0.30855974555015566,"w":0.6237533092498779},"size":2.2058606147766115,"orthographic":false}