{"cameraMode":{"drawMode":0,"name":"Shaded","section":"Shading Mode"},"sceneLighting":false,"audioPlay":false,"sceneViewState":{"m_AlwaysRefresh":false,"showFog":true,"showSkybox":false,"showFlares":true,"showImageEffects":true,"showParticleSystems":true,"showVisualEffectGraphs":true,"m_FxEnabled":true},"in2DMode":false,"pivot":{"x":1.0060158967971802,"y":3.299696207046509,"z":-1.9833730459213257},"rotation":{"x":0.5104700326919556,"y":-0.4714849591255188,"z":0.40520593523979189,"w":0.5942193269729614},"size":0.32603827118873598,"orthographic":false}