{"cameraMode":{"drawMode":0,"name":"Shaded","section":"Shading Mode"},"sceneLighting":false,"audioPlay":false,"sceneViewState":{"m_AlwaysRefresh":false,"showFog":true,"showSkybox":false,"showFlares":true,"showImageEffects":true,"showParticleSystems":true,"showVisualEffectGraphs":true,"m_FxEnabled":true},"in2DMode":false,"pivot":{"x":-0.8700000047683716,"y":1.8359999656677247,"z":-3.122999906539917},"rotation":{"x":0.30288562178611758,"y":0.024293188005685808,"z":-0.007731514051556587,"w":0.9527266621589661},"size":1.6760039329528809,"orthographic":false}